{"count":1,"self":33.1600992,"total":193.09896089999998,"children":{"InitializeActuators":{"count":128,"self":0.0005043,"total":0.0005043,"children":null},"InitializeSensors":{"count":128,"self":0.0015053,"total":0.0015053,"children":null},"AgentSendState":{"count":19717,"self":0.96646729999999992,"total":4.2084997,"children":{"CollectObservations":{"count":504832,"self":0.50095519999999993,"total":0.50095519999999993,"children":null},"WriteActionMask":{"count":504832,"self":0.2178532,"total":0.2178532,"children":null},"RequestDecision":{"count":504832,"self":0.87219079999999993,"total":2.523224,"children":{"AgentInfo.ToProto":{"count":504832,"self":0.69200149999999994,"total":1.6510331999999999,"children":{"GenerateSensorData":{"count":504832,"self":0.95903169999999993,"total":0.95903169999999993,"children":null}}}}}}},"DecideAction":{"count":19717,"self":154.059072,"total":154.05907009999999,"children":null},"AgentAct":{"count":19717,"self":1.6677655999999998,"total":1.6677655999999998,"children":null},"AgentInfo.ToProto":{"count":198,"self":0.0009993,"total":0.0015182,"children":{"GenerateSensorData":{"count":198,"self":0.0005189,"total":0.0005189,"children":null}}}},"gauges":{"Agent Controller.CumulativeReward":{"count":198,"max":2,"min":-1,"runningAverage":1.151515,"value":2,"weightedAverage":1.99999976}},"metadata":{"timer_format_version":"0.1.0","start_time_seconds":"1765390199","unity_version":"6000.2.15f1","command_line_arguments":"C:\\Program Files\\Unity\\Hub\\Editor\\6000.2.15f1\\Editor\\Unity.exe -projectPath C:\\Users\\Kamil\\Unity\\PelletGrabber\\PelletGrabberUnity","communication_protocol_version":"1.5.0","com.unity.ml-agents_version":"2.0.2","scene_name":"SampleScene","end_time_seconds":"1765390392"}}